id,nombre,horas_trabajadas,sueldo
1,Delphine,136,0
2,Marlane,151,0
3,Sayre,191,0
4,Valli,171,0
5,Laurena,212,0
6,Hamil,128,0
7,Ettie,164,0
8,Andreas,132,0
9,Dita,80,0
10,Euell,99,0
11,Karina,185,0
12,Carey,209,0
13,Haze,88,0
14,Averil,99,0
15,Giuditta,121,0
16,Hans,240,0
17,Raffaello,84,0
18,Franky,133,0
19,Leicester,167,0
20,Samantha,226,0
21,Elora,144,0
22,Binny,84,0
23,Trudy,198,0
24,Shae,104,0
25,Bordy,96,0
26,Mechelle,120,0
27,Lucita,210,0
28,Michele,88,0
29,Aubry,157,0
30,Ginnifer,105,0
31,Pace,132,0
32,Coral,81,0
33,Cozmo,167,0
34,Archibaldo,123,0
35,Eddy,136,0
36,Helen-elizabeth,103,0
37,Hilario,195,0
38,Helge,176,0
39,Gardener,222,0
40,Gustavus,142,0
41,Anderea,80,0
42,Demetria,108,0
43,Corabella,200,0
44,Agathe,207,0
45,Egor,83,0
46,Murvyn,194,0
47,Morten,95,0
48,Marlena,233,0
49,Franzen,83,0
50,L;urette,195,0
51,Law,209,0
52,Stevie,238,0
53,Taylor,239,0
54,Olin,138,0
55,Blondy,195,0
56,Judas,120,0
57,Aggy,116,0
58,Brendin,176,0
59,Joceline,142,0
60,Cymbre,221,0
61,Barbabra,229,0
62,Rowan,110,0
63,Hedda,198,0
64,Nev,226,0
65,Sam,233,0
66,Morganne,194,0
67,Deidre,95,0
68,Laureen,143,0
69,Crissy,195,0
70,Wilone,102,0
71,Milzie,92,0
72,Dorisa,100,0
73,Judie,152,0
74,Lucas,182,0
75,Kellen,206,0
76,Ferdinande,175,0
77,Kilian,174,0
78,Bret,161,0
79,Luca,164,0
80,Cathe,146,0
81,Zebedee,97,0
82,Ediva,132,0
83,Spence,144,0
84,Jo ann,131,0
85,Benetta,111,0
86,Papageno,96,0
87,Belvia,127,0
88,Lynnett,140,0
89,Launce,99,0
90,Dougie,214,0
91,Jamaal,144,0
92,Alverta,155,0
93,Marcelia,187,0
94,Grace,131,0
95,Kathi,189,0
96,Raoul,197,0
97,Bria,165,0
98,Currey,202,0
99,Daphene,142,0
100,Will,130,0
101,Nicko,94,0
102,Bruce,83,0
103,Brit,210,0
104,Hyacinthe,106,0
105,Andras,140,0
106,Samara,221,0
107,Germaine,86,0
108,Demott,196,0
109,Odo,228,0
110,Chrotoem,116,0
111,Hadleigh,110,0
112,Adoree,193,0
113,Whittaker,232,0
114,Leodora,113,0
115,Louisette,95,0
116,Merna,99,0
117,Sydel,187,0
118,Jennine,229,0
119,Tabbie,185,0
120,June,202,0
121,Pembroke,106,0
122,Suzette,135,0
123,Joete,192,0
124,Adriena,200,0
125,Lana,178,0
126,Lyn,105,0
127,Dulce,144,0
128,North,220,0
129,Bette,147,0
130,Emmi,226,0
131,Meier,152,0
132,Joelly,195,0
133,Marv,106,0
134,Jasen,210,0
135,Merilee,206,0
136,Ollie,122,0
137,Sherwood,189,0
138,Gilligan,123,0
139,Bibbie,217,0
140,Mag,150,0
141,Lettie,167,0
142,Yelena,107,0
143,Dorie,166,0
144,Wyndham,135,0
145,Gwenette,142,0
146,Benita,132,0
147,Patience,100,0
148,Caryl,224,0
149,Edlin,162,0
150,Blake,162,0
151,Durant,91,0
152,Janene,216,0
153,Krissy,171,0
154,Monica,235,0
155,Janessa,194,0
156,Herb,81,0
157,Fred,112,0
158,Odille,175,0
159,Annissa,133,0
160,Electra,202,0
161,Brigit,166,0
162,Martyn,174,0
163,Bari,230,0
164,Ralph,88,0
165,Katheryn,223,0
166,Norma,107,0
167,Sayer,168,0
168,Alix,105,0
169,Laurie,86,0
170,Isa,165,0
171,Humbert,239,0
172,Emmy,80,0
173,Redford,127,0
174,Sabina,166,0
175,Lemar,123,0
176,Ranice,104,0
177,Robyn,103,0
178,Rosalinda,114,0
179,Gordon,109,0
180,Shanda,154,0
181,Alvan,169,0
182,Rae,99,0
183,Elfrida,239,0
184,Vinny,118,0
185,Meredith,184,0
186,Eadmund,186,0
187,Cazzie,222,0
188,Colman,105,0
189,Jojo,98,0
190,Ives,200,0
191,Brett,142,0
192,Tedie,171,0
193,Otho,107,0
194,Ritchie,153,0
195,Eddy,94,0
196,Kat,131,0
197,Dorise,217,0
198,Alyss,80,0
199,Lorelei,191,0
200,Pasquale,240,0
201,Yvonne,190,0
202,Kilian,152,0
203,Kacie,85,0
204,Rube,144,0
205,Elita,95,0
206,Tana,114,0
207,Pansie,118,0
208,Iormina,131,0
209,Juliet,199,0
210,Ida,207,0
211,Romona,216,0
212,Beaufort,218,0
213,Bern,155,0
214,Joana,205,0
215,Shay,201,0
216,Ximenez,170,0
217,Sydel,228,0
218,Ethelda,124,0
219,Cyrus,225,0
220,Gerardo,168,0
221,Barnabas,159,0
222,Winona,175,0
223,Hanni,209,0
224,Lilah,166,0
225,Tallou,194,0
226,Riki,138,0
227,Krystle,147,0
228,Tracy,177,0
229,Estella,124,0
230,Nessy,158,0
231,Maighdiln,236,0
232,Hadleigh,158,0
233,Amalita,186,0
234,Jordan,190,0
235,Claudius,146,0
236,Bonni,135,0
237,Rhetta,98,0
238,Allister,90,0
239,Chariot,224,0
240,Wolfgang,204,0
241,Bibbye,144,0
242,Marje,168,0
243,Conway,158,0
244,Jenn,92,0
245,Berty,194,0
246,Edwin,228,0
247,Theodoric,187,0
248,Eirena,128,0
249,Michele,181,0
250,Scotti,211,0
251,Teodora,153,0
252,Tersina,105,0
253,Elisha,142,0
254,Babb,181,0
255,Raleigh,130,0
256,Earvin,211,0
257,Philippe,165,0
258,Eran,186,0
259,Casey,153,0
260,Celestyn,224,0
261,Lauritz,116,0
262,Obie,162,0
263,Rhona,226,0
264,Norbert,175,0
265,Yank,94,0
266,Rafaelita,113,0
267,Sig,83,0
268,Anastasia,98,0
269,Jonah,222,0
270,Morgen,213,0
271,Gwenore,240,0
272,Marven,96,0
273,Jasmine,213,0
274,Kassia,195,0
275,Fidelity,227,0
276,Leslie,230,0
277,Brooks,83,0
278,Julio,219,0
279,Ezri,238,0
280,Rana,130,0
281,Ettore,191,0
282,Felice,203,0
283,Georgena,156,0
284,Alli,192,0
285,Demott,236,0
286,Augustus,225,0
287,Madelaine,168,0
288,Nicola,135,0
289,Bearnard,120,0
290,Hannis,147,0
291,Loise,170,0
292,Walker,84,0
293,Kissiah,136,0
294,Ronna,210,0
295,Shirline,103,0
296,Florella,146,0
297,Wyn,207,0
298,Rosabella,104,0
299,Rodi,235,0
300,Vasilis,214,0
301,Roseanne,94,0
302,Archibaldo,230,0
303,Pamella,80,0
304,Bonnibelle,167,0
305,Wesley,80,0
306,Carin,167,0
307,Derril,102,0
308,Land,197,0
309,Angele,213,0
310,Katrina,158,0
311,Marcella,162,0
312,Petronia,146,0
313,Sloan,135,0
314,Louie,212,0
315,Sandro,216,0
316,Alyse,214,0
317,Boris,148,0
318,Rikki,221,0
319,Johannah,218,0
320,Valle,150,0
321,Lelia,150,0
322,Saree,201,0
323,Orelie,222,0
324,Netta,92,0
325,Henry,212,0
326,Gaven,199,0
327,Veronica,85,0
328,Betti,108,0
329,Amelie,179,0
330,Forbes,155,0
331,Teddy,231,0
332,Leta,112,0
333,Abner,119,0
334,Reta,172,0
335,Caprice,221,0
336,Harris,117,0
337,Curran,227,0
338,Chev,167,0
339,Ally,141,0
340,Alisander,115,0
341,Stearne,147,0
342,Hunter,146,0
343,Aubree,220,0
344,Allin,197,0
345,Donalt,152,0
346,Dannie,166,0
347,Delano,116,0
348,Fee,114,0
349,Sigismund,220,0
350,Sandy,178,0
351,Helena,126,0
352,Rocky,115,0
353,Ray,112,0
354,Eyde,106,0
355,Terry,137,0
356,Ardra,163,0
357,Melicent,218,0
358,Dorie,204,0
359,Nollie,97,0
360,Dilan,104,0
361,Myrtle,228,0
362,Arabel,217,0
363,Christos,94,0
364,Leticia,131,0
365,Veronika,226,0
366,Blithe,199,0
367,Chad,100,0
368,Leonanie,206,0
369,Doralin,227,0
370,Pen,96,0
371,Nadiya,155,0
372,Arabela,100,0
373,Kerrie,168,0
374,Colver,227,0
375,Taddeusz,139,0
376,Chic,151,0
377,Dorisa,223,0
378,Mirelle,232,0
379,Channa,144,0
380,Wandis,183,0
381,Rebeka,114,0
382,Gran,198,0
383,Audi,137,0
384,Tessy,177,0
385,Ignacius,216,0
386,Manuel,104,0
387,Kerk,193,0
388,Maxwell,227,0
389,Carmelle,165,0
390,Galvin,92,0
391,Courtney,222,0
392,Karney,132,0
393,Tris,190,0
394,Andie,165,0
395,Tasia,105,0
396,Aryn,218,0
397,Ninetta,212,0
398,Vick,109,0
399,Laurice,216,0
400,Junette,93,0
401,Cherin,210,0
402,Phillis,148,0
403,Kyla,157,0
404,Carmina,178,0
405,El,125,0
406,Janetta,116,0
407,Guillema,166,0
408,Sara,235,0
409,Marcella,207,0
410,Beaufort,136,0
411,Torre,87,0
412,Cammy,127,0
413,Brose,233,0
414,Stepha,148,0
415,Margalit,200,0
416,Duffie,94,0
417,Rowe,208,0
418,Demetri,107,0
419,Packston,226,0
420,Madison,108,0
421,Tiphani,164,0
422,Wendall,188,0
423,Tiphany,180,0
424,Sharleen,206,0
425,Virgina,166,0
426,Trevor,202,0
427,Lynea,233,0
428,Tarra,121,0
429,Liam,127,0
430,Ania,129,0
431,Arlan,82,0
432,Kiri,156,0
433,Ferdinanda,227,0
434,Melisande,190,0
435,Donelle,120,0
436,Ignace,181,0
437,Josh,127,0
438,Kevyn,238,0
439,Benny,233,0
440,Walton,134,0
441,Josias,172,0
442,Fiorenze,225,0
443,Pierson,152,0
444,Romonda,146,0
445,Abraham,141,0
446,Zelda,108,0
447,Cointon,180,0
448,Leonid,125,0
449,Gal,194,0
450,Andrei,152,0
451,Melamie,114,0
452,Farrand,142,0
453,Alfy,207,0
454,Simonne,151,0
455,Chauncey,87,0
456,Austina,224,0
457,Goldia,239,0
458,Osborne,163,0
459,Ertha,115,0
460,Francine,170,0
461,Hill,108,0
462,Charmaine,232,0
463,Eimile,90,0
464,Theo,113,0
465,Dimitri,203,0
466,Seamus,132,0
467,Dido,191,0
468,Gerladina,117,0
469,Des,177,0
470,Horace,120,0
471,Calida,138,0
472,Murielle,224,0
473,Rosamund,147,0
474,Sorcha,93,0
475,Shandee,102,0
476,Tildi,206,0
477,Oren,135,0
478,Chrysler,100,0
479,Rolando,159,0
480,Renell,133,0
481,Brigitte,203,0
482,Lu,210,0
483,Simonette,132,0
484,Rockey,189,0
485,Hertha,148,0
486,Tarrah,82,0
487,Mikey,233,0
488,Carlin,157,0
489,Filmer,131,0
490,Leigh,126,0
491,Amil,145,0
492,Earlie,104,0
493,Gianna,144,0
494,Bentley,109,0
495,Horatia,106,0
496,Rosamund,101,0
497,Jeralee,134,0
498,Alec,170,0
499,Bary,191,0
500,Bev,194,0
501,Shauna,176,0
502,Del,105,0
503,Anthiathia,91,0
504,Brandie,180,0
505,Hollyanne,120,0
506,Rowen,104,0
507,Juli,192,0
508,Ardra,207,0
509,Elton,173,0
510,Elmira,216,0
511,Nara,179,0
512,Wallas,228,0
513,Scotty,223,0
514,Tabb,171,0
515,Yancey,209,0
516,Homer,209,0
517,Abbe,166,0
518,Goran,136,0
519,Tally,167,0
520,Katinka,178,0
521,Sigfrid,109,0
522,Grantham,141,0
523,Briano,146,0
524,Ronica,186,0
525,Emlen,227,0
526,Annabel,215,0
527,Waldo,215,0
528,Cad,157,0
529,Karlen,200,0
530,Minni,110,0
531,Nananne,156,0
532,Gary,136,0
533,Jefferey,153,0
534,Marlo,223,0
535,Franny,123,0
536,Danell,145,0
537,Elysha,149,0
538,Claudius,106,0
539,Dilly,178,0
540,Dyan,91,0
541,Perry,188,0
542,Pace,233,0
543,Dalila,127,0
544,Skipp,235,0
545,Gal,229,0
546,Sigismund,106,0
547,Derick,223,0
548,Florenza,225,0
549,Egbert,236,0
550,Arliene,198,0
551,Caren,179,0
552,Ginger,84,0
553,Morgan,127,0
554,Angeli,109,0
555,Wallache,100,0
556,Alexandrina,206,0
557,Mirabella,183,0
558,Gamaliel,180,0
559,Karisa,102,0
560,Walker,191,0
561,Art,186,0
562,Juanita,139,0
563,Lynsey,151,0
564,Decca,202,0
565,Margie,225,0
566,Nils,137,0
567,Ryan,169,0
568,Quintina,113,0
569,Karlik,122,0
570,Care,204,0
571,Athena,191,0
572,Ansell,209,0
573,Dugald,113,0
574,Laraine,166,0
575,Reggis,216,0
576,Robert,101,0
577,Cassi,209,0
578,Kelly,184,0
579,Efrem,154,0
580,Gibb,161,0
581,Cash,228,0
582,Lew,157,0
583,Ros,127,0
584,Maximo,177,0
585,Lynn,206,0
586,Waring,131,0
587,Zuzana,214,0
588,Lombard,110,0
589,Laurena,156,0
590,Gwynne,116,0
591,Carlie,206,0
592,Darbie,145,0
593,Fleurette,181,0
594,Leilah,127,0
595,Newton,111,0
596,Esra,168,0
597,Laurice,119,0
598,Neala,218,0
599,Archibald,100,0
600,Meghan,187,0
601,Gregoor,200,0
602,Cassandry,120,0
603,Rahel,223,0
604,Chiquita,90,0
605,Casey,221,0
606,Georgina,159,0
607,Axe,90,0
608,Marline,236,0
609,Matty,152,0
610,Josias,114,0
611,Ag,200,0
612,Dannie,94,0
613,Gusty,95,0
614,Abraham,210,0
615,Bernadette,212,0
616,Farra,191,0
617,Miner,113,0
618,Layton,211,0
619,Roderigo,215,0
620,Karrie,150,0
621,Eirena,85,0
622,Tracee,80,0
623,Normand,157,0
624,Joan,226,0
625,Evangeline,177,0
626,Kristian,103,0
627,Junina,192,0
628,Thom,221,0
629,Margy,215,0
630,Thorn,117,0
631,Jamie,130,0
632,Flss,219,0
633,Ad,141,0
634,Jeanie,183,0
635,Luigi,236,0
636,Kory,206,0
637,Chloette,146,0
638,Dorolisa,107,0
639,Thain,222,0
640,Manya,189,0
641,Otto,188,0
642,Raynard,126,0
643,Giulio,150,0
644,Lambert,234,0
645,Terese,107,0
646,Nannette,146,0
647,Reuben,203,0
648,Biron,81,0
649,Lynnette,207,0
650,Irv,225,0
651,Hammad,115,0
652,Cilka,238,0
653,Killian,86,0
654,Bent,149,0
655,Skippy,96,0
656,Nil,117,0
657,Jake,99,0
658,Jordan,232,0
659,Ange,99,0
660,Yardley,127,0
661,Rhonda,185,0
662,Lisle,151,0
663,Durand,125,0
664,Nickie,163,0
665,Louisa,224,0
666,Alyssa,173,0
667,Harman,112,0
668,Annemarie,240,0
669,Aryn,127,0
670,Daniela,178,0
671,Jania,191,0
672,Mirabella,202,0
673,Ashly,135,0
674,Blake,199,0
675,Kaycee,185,0
676,Murray,146,0
677,Aloin,110,0
678,Carroll,203,0
679,Randy,221,0
680,Joyann,198,0
681,Yale,202,0
682,Abraham,220,0
683,Othella,207,0
684,Alanna,238,0
685,Clevey,102,0
686,Darb,201,0
687,Eugenie,164,0
688,Brunhilde,80,0
689,Bernardine,166,0
690,Pasquale,201,0
691,Clarinda,95,0
692,Elwyn,155,0
693,Megan,207,0
694,Chrisse,99,0
695,Gennie,176,0
696,Emmalee,216,0
697,Adria,184,0
698,Bliss,96,0
699,Issy,132,0
700,Phillida,203,0
701,Hagen,104,0
702,Jaine,135,0
703,Bette,219,0
704,Issy,222,0
705,Bernardina,156,0
706,Tate,185,0
707,Madelon,171,0
708,Amie,146,0
709,Ninette,167,0
710,Anneliese,80,0
711,Rosanne,203,0
712,Genvieve,151,0
713,Noam,201,0
714,Gracie,213,0
715,Gunter,136,0
716,Silvanus,125,0
717,Johnath,168,0
718,Clotilda,225,0
719,Yvonne,126,0
720,Colleen,169,0
721,Avril,198,0
722,Zechariah,155,0
723,Angeli,155,0
724,Cammy,87,0
725,Donella,169,0
726,Leone,240,0
727,Rey,168,0
728,Angel,151,0
729,Ches,166,0
730,Haley,122,0
731,Vittoria,155,0
732,Gratiana,128,0
733,Randi,106,0
734,Jodi,81,0
735,Rosabella,198,0
736,Lev,156,0
737,Jennette,141,0
738,Lin,234,0
739,Maisie,159,0
740,Georgi,109,0
741,Obidiah,199,0
742,Algernon,229,0
743,Aurelia,133,0
744,Elbertina,189,0
745,Liana,93,0
746,Babbie,226,0
747,Hamlin,162,0
748,Deana,218,0
749,Lita,141,0
750,Merrili,180,0
751,Pammy,221,0
752,Jenda,136,0
753,Belva,182,0
754,Madelon,234,0
755,Homerus,210,0
756,Luther,174,0
757,Lulu,115,0
758,Read,91,0
759,Filmore,86,0
760,Herrick,122,0
761,Dolph,103,0
762,Tedi,228,0
763,Rosanna,139,0
764,Jo,102,0
765,Brandea,156,0
766,Brice,237,0
767,Penny,163,0
768,Janela,102,0
769,Karyn,155,0
770,Dalia,120,0
771,Lizette,143,0
772,Cacilia,154,0
773,Ezequiel,150,0
774,Corey,89,0
775,Aurelea,229,0
776,Joshia,220,0
777,Karoly,212,0
778,Gary,145,0
779,Shelley,146,0
780,Peirce,232,0
781,Alis,155,0
782,Marlowe,96,0
783,Melisenda,105,0
784,Gib,235,0
785,Henry,215,0
786,Ly,85,0
787,Arlan,173,0
788,Aleksandr,164,0
789,Janina,152,0
790,Yank,192,0
791,Molli,81,0
792,Shayna,224,0
793,Roberto,207,0
794,Pail,161,0
795,Montgomery,157,0
796,Brittne,114,0
797,Fayth,221,0
798,Vin,169,0
799,Rhea,82,0
800,Armando,216,0
801,Hedvig,238,0
802,Bili,152,0
803,Lindsy,123,0
804,Bartie,92,0
805,Colver,203,0
806,Brooks,185,0
807,Glynn,172,0
808,Gerardo,126,0
809,Blaire,181,0
810,Rees,206,0
811,Eleanor,207,0
812,Wilhelmine,148,0
813,Gaelan,154,0
814,Freddy,125,0
815,Gwenny,208,0
816,Wynnie,104,0
817,Basilio,181,0
818,Harland,131,0
819,Esma,223,0
820,Boothe,221,0
821,Aleta,209,0
822,Manon,160,0
823,Sergeant,210,0
824,Cordy,94,0
825,Michail,135,0
826,Aime,178,0
827,Stanford,234,0
828,Euell,134,0
829,Gibb,152,0
830,Natividad,88,0
831,Shane,181,0
832,Barbra,219,0
833,Courtney,121,0
834,Doug,209,0
835,Alfons,167,0
836,Bertine,95,0
837,Winnie,224,0
838,Ibrahim,212,0
839,Forester,143,0
840,Evelyn,226,0
841,Juliann,102,0
842,Sarah,90,0
843,Berkly,108,0
844,Stormy,208,0
845,Harrie,129,0
846,Cosmo,179,0
847,Noe,97,0
848,Giulio,96,0
849,Quinn,176,0
850,Frankie,117,0
851,Parke,115,0
852,Tamara,113,0
853,Colas,99,0
854,Karry,182,0
855,Al,205,0
856,Gilli,209,0
857,Monah,160,0
858,Brietta,172,0
859,Chase,193,0
860,Claribel,142,0
861,Anthia,108,0
862,Ray,233,0
863,Jaclin,238,0
864,Kathrine,204,0
865,Drew,188,0
866,Fidel,146,0
867,Hansiain,116,0
868,Hoyt,171,0
869,Benni,84,0
870,Frieda,226,0
871,Tonie,146,0
872,Tressa,159,0
873,Murray,178,0
874,Brett,192,0
875,Ruby,225,0
876,Maggi,220,0
877,Marcos,238,0
878,Cherye,179,0
879,Tressa,162,0
880,Mortimer,105,0
881,Nettle,181,0
882,Jesus,171,0
883,Gay,158,0
884,Arabelle,204,0
885,Pablo,240,0
886,Amelita,208,0
887,Amil,123,0
888,Shay,86,0
889,Constantin,178,0
890,Isidoro,158,0
891,Philip,239,0
892,Horst,205,0
893,Jamal,237,0
894,Tedda,188,0
895,Winnie,182,0
896,Haze,153,0
897,Isadora,205,0
898,Sidoney,158,0
899,Yuri,82,0
900,Spike,186,0
901,Lorry,126,0
902,Richmound,123,0
903,Constancia,194,0
904,Meghann,96,0
905,Trude,136,0
906,Reinald,102,0
907,Cheston,181,0
908,Godfry,196,0
909,Edik,108,0
910,Mortie,114,0
911,Dun,132,0
912,Ailyn,186,0
913,Reggi,115,0
914,Sheppard,112,0
915,Curt,240,0
916,Boigie,212,0
917,Dulci,183,0
918,Lisette,211,0
919,Kimmie,143,0
920,Sibilla,237,0
921,Faunie,137,0
922,Loria,154,0
923,Nealon,175,0
924,Skipp,137,0
925,Tiena,95,0
926,Galvin,195,0
927,Erda,135,0
928,Lulita,197,0
929,Ringo,181,0
930,Conn,115,0
931,Allyson,91,0
932,Joya,178,0
933,Rafferty,87,0
934,Debby,181,0
935,Anne-marie,231,0
936,Clayson,229,0
937,Jennine,115,0
938,Drona,164,0
939,Brynna,196,0
940,Francisco,140,0
941,Charlene,176,0
942,Egor,189,0
943,Westleigh,88,0
944,Suzanna,142,0
945,Noe,105,0
946,Dewey,145,0
947,Cornelius,226,0
948,Georgie,184,0
949,Sherman,182,0
950,Humphrey,211,0
951,Vale,210,0
952,Chiquita,181,0
953,Burr,102,0
954,Harmonia,179,0
955,Giacomo,190,0
956,Brian,196,0
957,Irwinn,174,0
958,Ashleigh,216,0
959,Morty,192,0
960,Chaddy,227,0
961,Garik,97,0
962,Cookie,100,0
963,Waldo,207,0
964,Mariam,216,0
965,Bryna,102,0
966,Joannes,147,0
967,Donielle,186,0
968,Emma,227,0
969,Normand,109,0
970,Gavrielle,125,0
971,Seumas,96,0
972,Wyatt,176,0
973,Bogart,174,0
974,Ellette,215,0
975,Enrico,123,0
976,Christoffer,153,0
977,Riannon,209,0
978,Jenelle,110,0
979,Fredrika,143,0
980,Francisco,85,0
981,Torr,234,0
982,Valerye,136,0
983,Anthia,84,0
984,Stormi,135,0
985,Randal,119,0
986,Hugh,142,0
987,Marlane,92,0
988,Tybie,109,0
989,Bethanne,236,0
990,Karoly,85,0
991,Wendie,225,0
992,Giselle,175,0
993,Sisely,158,0
994,Jen,152,0
995,Tabbie,110,0
996,Mab,127,0
997,Viole,131,0
998,Abbye,125,0
999,Lauralee,95,0
1000,Jessie,175,0
